url,title,category,grade,depth_score,is_shallow,word_count,headings,bullet_points,boilerplate_matches,author,date,Updated
https://amdmachines.com/blog/ai-powered-safety-systems-reduce-incidents-60/,AI-Powered Safety Systems Reduce Incidents 60%,News,F - Boilerplate,0,Yes,233,6,11,11,AMD Machines News Desk,10/1/25,Updated 2026-01-28
https://amdmachines.com/blog/predictions-for-industrial-ai-in-2026/,Predictions for Industrial AI in 2026,News,F - Boilerplate,0,Yes,242,6,11,11,AMD Machines News Desk,12/28/25,Updated 2026-01-28
https://amdmachines.com/blog/abb-and-microsoft-expand-azure-based-robot-management-platfo/,ABB and Microsoft Expand Azure-Based Robot Management,News,F - Boilerplate,0,Yes,246,6,11,11,AMD Machines News Desk,11/12/24,Updated 2026-01-28
https://amdmachines.com/blog/japan-leads-in-robot-to-worker-ratio-at-63110000/,"Japan Leads in Robot-to-Worker Ratio at 631:10,000",News,F - Boilerplate,0,Yes,235,6,11,11,AMD Machines News Desk,11/12/25,Updated 2026-01-28
https://amdmachines.com/blog/mixed-reality-training-accelerates-automation-operator-skill/,Mixed Reality Training Accelerates Automation Operator,News,F - Boilerplate,0,Yes,243,6,11,11,AMD Machines News Desk,7/5/25,Updated 2026-01-28
https://amdmachines.com/blog/autonomous-material-transport-systems-see-wide-adoption/,Autonomous Material Transport Systems See Wide Adoption,News,F - Boilerplate,0,Yes,237,6,11,11,AMD Machines News Desk,3/5/25,Updated 2026-01-28
https://amdmachines.com/blog/manufacturing-job-quality-improves-with-automation/,Manufacturing Job Quality Improves with Automation,News,F - Boilerplate,0,Yes,242,6,11,11,AMD Machines News Desk,1/15/26,Updated 2026-01-28
https://amdmachines.com/blog/aerospace-industry-mandates-digital-thread-for-major-program/,Aerospace Industry Mandates Digital Thread for Major,News,F - Boilerplate,0,Yes,237,6,11,11,AMD Machines News Desk,8/12/25,Updated 2026-01-28
https://amdmachines.com/blog/ai-driven-supply-chain-resilience-becomes-priority/,AI-Driven Supply Chain Resilience Becomes Priority,News,F - Boilerplate,0,Yes,238,6,11,11,AMD Machines News Desk,10/30/24,Updated 2026-01-29
https://amdmachines.com/blog/delta-robots-for-high-speed-pick-and-place-applications/,Delta Robots for High-Speed Pick and Place Applications,Robotics,F - Boilerplate,0,Yes,341,6,15,24,AMD Machines Team,1/8/26,Updated 2026-01-29
https://amdmachines.com/blog/new-ai-chip-generation-enables-real-time-robot-learning/,New AI Chip Generation Enables Real-Time Robot Learning,News,F - Boilerplate,0,Yes,239,6,11,11,AMD Machines News Desk,1/10/26,Updated 2026-01-29
https://amdmachines.com/blog/ai-cybersecurity-for-manufacturing-advances/,AI Cybersecurity for Manufacturing Advances,News,F - Boilerplate,0,Yes,234,6,11,11,AMD Machines News Desk,6/15/25,Updated 2026-01-29
https://amdmachines.com/blog/universal-robots-unveils-ai-copilot-for-ur+-ecosystem/,Universal Robots Unveils AI Copilot for UR+ Ecosystem,News,F - Boilerplate,0,Yes,249,6,11,11,AMD Machines News Desk,12/12/24,Updated 2026-01-29
https://amdmachines.com/blog/industrial-metaverse-platforms-gain-traction/,Industrial Metaverse Platforms Gain Traction,News,F - Boilerplate,0,Yes,231,6,11,11,AMD Machines News Desk,1/18/26,Updated 2026-01-29
https://amdmachines.com/blog/ai-powered-quality-systems-reduce-scrap-30/,AI-Powered Quality Systems Reduce Scrap 30%,News,F - Boilerplate,0,Yes,236,6,11,11,AMD Machines News Desk,11/1/24,Updated 2026-01-29
https://amdmachines.com/blog/ces-2026-ai-and-robotics-dominate-manufacturing-technology/,CES 2026: AI and Robotics Dominate Manufacturing Technology,News,F - Boilerplate,0,Yes,234,6,11,11,AMD Machines News Desk,1/5/26,Updated 2026-01-29
https://amdmachines.com/blog/electric-vehicle-battery-recycling-automation-expands/,Electric Vehicle Battery Recycling Automation Expands,News,F - Boilerplate,0,Yes,241,6,11,11,AMD Machines News Desk,10/12/25,Updated 2026-01-29
https://amdmachines.com/blog/us-and-eu-announce-joint-ai-manufacturing-standards-initiati/,US and EU Announce Joint AI Manufacturing Standards,News,F - Boilerplate,0,Yes,235,6,11,11,AMD Machines News Desk,10/28/25,Updated 2026-01-29
https://amdmachines.com/blog/robotics-companies-report-record-order-backlogs/,Robotics Companies Report Record Order Backlogs,News,F - Boilerplate,0,Yes,245,6,11,11,AMD Machines News Desk,9/28/25,Updated 2026-01-29
https://amdmachines.com/blog/humanoid-robots-progress-toward-factory-deployment/,Humanoid Robots Progress Toward Factory Deployment,News,F - Boilerplate,0,Yes,238,6,11,11,AMD Machines News Desk,2/28/25,Updated 2026-01-29
https://amdmachines.com/blog/ai-powered-inventory-management-reduces-carrying-costs/,AI-Powered Inventory Management Reduces Carrying Costs,News,F - Boilerplate,0,Yes,237,6,11,11,AMD Machines News Desk,10/15/24,Updated 2026-01-28
https://amdmachines.com/blog/logistics-industry-reports-200-growth-in-amr-deployments/,Logistics Industry Reports 200% Growth in AMR Deployments,News,F - Boilerplate,0,Yes,244,6,11,11,AMD Machines News Desk,6/28/25,Updated 2026-01-28
https://amdmachines.com/blog/openai-demonstrates-gpt-5-capabilities-for-industrial-proces/,OpenAI Demonstrates GPT-5 Capabilities for Industrial,News,F - Boilerplate,0,Yes,251,6,11,11,AMD Machines News Desk,11/5/24,Updated 2026-01-28
https://amdmachines.com/blog/google-deepmind-achieves-breakthrough-in-robot-manipulation/,Google DeepMind Achieves Breakthrough in Robot Manipulation,News,F - Boilerplate,0,Yes,246,6,11,11,AMD Machines News Desk,1/15/25,Pending
https://amdmachines.com/blog/generative-ai-creates-optimized-automation-designs/,Generative AI Creates Optimized Automation Designs,News,F - Boilerplate,0,Yes,237,6,11,11,AMD Machines News Desk,5/15/25,Pending
https://amdmachines.com/blog/kuka-introduces-ai-based-collision-avoidance-system/,KUKA Introduces AI-Based Collision Avoidance System,News,F - Boilerplate,0,Yes,251,6,11,11,AMD Machines News Desk,1/8/25,Pending
https://amdmachines.com/blog/industrial-ai-standards-body-releases-first-certification-fr/,Industrial AI Standards Body Releases First,News,F - Boilerplate,0,Yes,241,6,11,11,AMD Machines News Desk,9/20/25,Pending
https://amdmachines.com/blog/choosing-between-new-and-refurbished-industrial-robots/,Choosing Between New and Refurbished Industrial Robots,Robotics,F - Boilerplate,0,Yes,338,6,15,24,AMD Machines Team,12/31/25,Pending
https://amdmachines.com/blog/food-industry-automation-accelerates-amid-labor-challenges/,Food Industry Automation Accelerates Amid Labor Challenges,News,F - Boilerplate,0,Yes,234,6,11,11,AMD Machines News Desk,12/12/25,Pending
https://amdmachines.com/blog/waterproof-and-washdown-robots-for-food-and-pharma/,Waterproof and Washdown Robots for Food and Pharma,Robotics,F - Boilerplate,0,Yes,338,6,15,24,AMD Machines Team,12/23/25,Pending
https://amdmachines.com/blog/china-leads-global-robot-installations-for-fifth-consecutive/,China Leads Global Robot Installations for Fifth,News,F - Boilerplate,0,Yes,251,6,11,11,AMD Machines News Desk,11/28/24,Pending
https://amdmachines.com/blog/nvidia-announces-next-gen-isaac-platform-for-industrial-robo/,NVIDIA Announces Next-Gen Isaac Platform for Industrial,News,F - Boilerplate,0,Yes,262,6,11,11,AMD Machines News Desk,9/15/24,Pending
https://amdmachines.com/blog/mobile-robots-and-agvs-in-modern-warehouses/,Mobile Robots and AGVs in Modern Warehouses,Robotics,F - Boilerplate,0,Yes,335,6,15,24,AMD Machines Team,1/6/26,Pending
https://amdmachines.com/blog/automated-guided-vehicles-integrate-with-factory-mes-systems/,Automated Guided Vehicles Integrate with Factory MES Systems,News,F - Boilerplate,0,Yes,241,6,11,11,AMD Machines News Desk,3/28/25,Pending
https://amdmachines.com/blog/fda-approves-first-fully-ai-controlled-pharmaceutical-produc/,FDA Approves First Fully AI-Controlled Pharmaceutical,News,F - Boilerplate,0,Yes,243,6,11,11,AMD Machines News Desk,6/20/25,Pending
https://amdmachines.com/blog/amazon-web-services-launches-dedicated-manufacturing-ai-serv/,Amazon Web Services Launches Dedicated Manufacturing AI,News,F - Boilerplate,0,Yes,244,6,11,11,AMD Machines News Desk,3/1/25,Pending
https://amdmachines.com/blog/automotive-sector-leads-ai-adoption-in-manufacturing/,Automotive Sector Leads AI Adoption in Manufacturing,News,F - Boilerplate,0,Yes,244,6,11,11,AMD Machines News Desk,5/20/25,Pending
https://amdmachines.com/blog/osha-updates-guidelines-for-ai-controlled-safety-systems/,OSHA Updates Guidelines for AI-Controlled Safety Systems,News,F - Boilerplate,0,Yes,245,6,11,11,AMD Machines News Desk,5/5/25,Pending
https://amdmachines.com/blog/edge-ai-chips-for-robotics-see-major-performance-gains/,Edge AI Chips for Robotics See Major Performance Gains,News,F - Boilerplate,0,Yes,243,6,11,11,AMD Machines News Desk,7/15/25,Pending
https://amdmachines.com/blog/ai-assisted-robot-maintenance-reduces-downtime-35/,AI-Assisted Robot Maintenance Reduces Downtime 35%,News,F - Boilerplate,0,Yes,235,6,11,11,AMD Machines News Desk,5/25/25,Pending
https://amdmachines.com/blog/understanding-robot-payload-capacity-and-reach/,Understanding Robot Payload Capacity and Reach,Robotics,F - Boilerplate,0,Yes,339,6,15,24,AMD Machines Team,1/16/26,Pending
https://amdmachines.com/blog/cobots-reach-1b-annual-market/,Cobots Reach $1B Annual Market,News,F - Boilerplate,0,Yes,238,6,11,11,AMD Machines News Desk,11/15/24,Pending
https://amdmachines.com/blog/us-manufacturing-adds-50000-automation-jobs-in-2024/,"US Manufacturing Adds 50,000 Automation Jobs in 2024",News,F - Boilerplate,0,Yes,252,6,11,11,AMD Machines News Desk,1/30/25,Pending
https://amdmachines.com/blog/ai-vision-enables-random-bin-picking-at-scale/,AI Vision Enables Random Bin Picking at Scale,News,F - Boilerplate,0,Yes,238,6,11,11,AMD Machines News Desk,1/12/26,Pending
https://amdmachines.com/blog/ai-enabled-robots-learn-assembly-from-video/,AI-Enabled Robots Learn Assembly from Video,News,F - Boilerplate,0,Yes,238,6,11,11,AMD Machines News Desk,1/2/25,Pending
https://amdmachines.com/blog/ai-process-control-reduces-chemical-manufacturing-variabilit/,AI Process Control Reduces Chemical Manufacturing,News,F - Boilerplate,0,Yes,240,6,11,11,AMD Machines News Desk,1/25/25,Pending
https://amdmachines.com/blog/black-friday-sets-record-for-automated-order-fulfillment/,Black Friday Sets Record for Automated Order Fulfillment,News,F - Boilerplate,0,Yes,236,6,11,11,AMD Machines News Desk,11/28/25,Pending
https://amdmachines.com/blog/2024-year-in-review-ai-transforms-manufacturing-automation/,2024 Year in Review: AI Transforms Manufacturing Automation,News,F - Boilerplate,0,Yes,248,6,11,11,AMD Machines News Desk,12/28/24,Pending
https://amdmachines.com/blog/ai-weld-quality-prediction-achieves-99-accuracy/,AI Weld Quality Prediction Achieves 99% Accuracy,News,F - Boilerplate,0,Yes,239,6,11,11,AMD Machines News Desk,2/15/25,Pending
https://amdmachines.com/blog/semiconductor-fab-automation-investments-hit-record-18b/,Semiconductor Fab Automation Investments Hit Record $18B,News,F - Boilerplate,0,Yes,241,6,11,11,AMD Machines News Desk,4/25/25,Pending
https://amdmachines.com/blog/autonomous-robot-fleets-coordinate-via-ai/,Autonomous Robot Fleets Coordinate via AI,News,F - Boilerplate,0,Yes,231,6,11,11,AMD Machines News Desk,1/8/26,Pending
https://amdmachines.com/blog/dual-arm-robots-for-complex-assembly-tasks/,Dual-Arm Robots for Complex Assembly Tasks,Robotics,F - Boilerplate,0,Yes,333,6,15,24,AMD Machines Team,12/27/25,Pending
https://amdmachines.com/blog/smart-sensors-enable-continuous-process-optimization/,Smart Sensors Enable Continuous Process Optimization,News,F - Boilerplate,0,Yes,233,6,11,11,AMD Machines News Desk,4/5/25,Pending
https://amdmachines.com/blog/robot-maintenance-best-practices-for-maximum-uptime/,Robot Maintenance Best Practices for Maximum Uptime,Robotics,F - Boilerplate,0,Yes,336,6,15,24,AMD Machines Team,1/4/26,Pending
https://amdmachines.com/blog/ifr-reports-global-robot-density-reaches-new-high/,IFR Reports Global Robot Density Reaches New High,News,F - Boilerplate,0,Yes,246,6,11,11,AMD Machines News Desk,3/25/25,Pending
https://amdmachines.com/blog/voice-controlled-robot-programming-becomes-mainstream/,Voice-Controlled Robot Programming Becomes Mainstream,News,F - Boilerplate,0,Yes,232,6,11,11,AMD Machines News Desk,11/1/25,Pending
https://amdmachines.com/blog/german-mittelstand-accelerates-automation-amid-labor-challen/,German Mittelstand Accelerates Automation Amid Labor,News,F - Boilerplate,0,Yes,241,6,11,11,AMD Machines News Desk,6/5/25,Pending
https://amdmachines.com/blog/amazon-opens-first-fully-autonomous-fulfillment-center/,Amazon Opens First Fully Autonomous Fulfillment Center,News,F - Boilerplate,0,Yes,242,6,11,11,AMD Machines News Desk,11/5/25,Pending
https://amdmachines.com/blog/apple-expands-automation-in-us-iphone-production/,Apple Expands Automation in US iPhone Production,News,F - Boilerplate,0,Yes,239,6,11,11,AMD Machines News Desk,4/2/25,Pending
https://amdmachines.com/blog/robot-operating-system-3-launches-with-ai-focus/,Robot Operating System 3 Launches with AI Focus,News,F - Boilerplate,0,Yes,237,6,11,11,AMD Machines News Desk,4/15/25,Pending
https://amdmachines.com/blog/ai-enables-mass-customization-in-manufacturing/,AI Enables Mass Customization in Manufacturing,News,F - Boilerplate,0,Yes,230,6,11,11,AMD Machines News Desk,12/1/25,Pending
https://amdmachines.com/blog/ai-quality-traceability-meets-automotive-iatf-requirements/,AI Quality Traceability Meets Automotive IATF Requirements,News,F - Boilerplate,0,Yes,235,6,11,11,AMD Machines News Desk,11/15/25,Pending
https://amdmachines.com/blog/global-chip-shortage-accelerates-automation-investments/,Global Chip Shortage Accelerates Automation Investments,News,F - Boilerplate,0,Yes,241,6,11,11,AMD Machines News Desk,9/5/24,Pending
https://amdmachines.com/blog/tesla-optimus-robots-begin-limited-factory-deployment/,Tesla Optimus Robots Begin Limited Factory Deployment,News,F - Boilerplate,0,Yes,252,6,11,11,AMD Machines News Desk,12/5/24,Pending
https://amdmachines.com/blog/industrial-ar-glasses-integrate-ai-assistant/,Industrial AR Glasses Integrate AI Assistant,News,F - Boilerplate,0,Yes,239,6,11,11,AMD Machines News Desk,6/1/25,Pending
https://amdmachines.com/blog/major-automakers-commit-50b-to-ai-driven-manufacturing-by-20/,Major Automakers Commit $50B to AI-Driven Manufacturing,News,F - Boilerplate,0,Yes,248,6,11,11,AMD Machines News Desk,12/18/24,Pending
https://amdmachines.com/blog/3d-vision-systems-see-50-price-reduction/,3D Vision Systems See 50% Price Reduction,News,F - Boilerplate,0,Yes,247,6,11,11,AMD Machines News Desk,6/12/25,Pending
https://amdmachines.com/blog/machine-learning-optimizes-cnc-toolpath-generation/,Machine Learning Optimizes CNC Toolpath Generation,News,F - Boilerplate,0,Yes,237,6,11,11,AMD Machines News Desk,10/10/24,Pending
https://amdmachines.com/blog/collaborative-robot-sales-surpass-traditional-robots-for-fir/,Collaborative Robot Sales Surpass Traditional Robots for,News,F - Boilerplate,0,Yes,241,6,11,11,AMD Machines News Desk,8/28/25,Pending
https://amdmachines.com/blog/nvidia-isaac-ros-30-enables-edge-ai-for-mobile-robots/,NVIDIA Isaac ROS 3.0 Enables Edge AI for Mobile Robots,News,F - Boilerplate,0,Yes,244,6,11,11,AMD Machines News Desk,5/28/25,Pending
https://amdmachines.com/blog/cognex-releases-vidi-el-deep-learning-inspection-system/,Cognex Releases ViDi EL Deep Learning Inspection System,News,F - Boilerplate,0,Yes,250,6,11,11,AMD Machines News Desk,11/20/24,Pending
https://amdmachines.com/blog/european-union-approves-ai-act-implementation-timeline-for-i/,European Union Approves AI Act Implementation Timeline,News,F - Boilerplate,0,Yes,253,6,11,11,AMD Machines News Desk,10/3/24,Pending
https://amdmachines.com/blog/the-future-of-humanoid-robots-in-manufacturing/,The Future of Humanoid Robots in Manufacturing,Robotics,F - Boilerplate,0,Yes,334,6,15,24,AMD Machines Team,1/2/26,Pending
https://amdmachines.com/blog/6-axis-vs-scara-robots-which-is-right-for-your-application/,6-Axis vs SCARA Robots: Which Is Right for Your Application?,Robotics,F - Boilerplate,0,Yes,340,6,15,24,AMD Machines Team,1/18/26,Pending
https://amdmachines.com/blog/china-announces-autonomous-factory-initiative/,China Announces Autonomous Factory Initiative,News,F - Boilerplate,0,Yes,236,6,11,11,AMD Machines News Desk,8/20/25,Pending
https://amdmachines.com/blog/collaborative-robots-in-manufacturing-a-complete-guide/,Collaborative Robots in Manufacturing: A Complete Guide,Robotics,F - Boilerplate,0,Yes,337,6,15,24,AMD Machines Team,1/20/26,Pending
https://amdmachines.com/blog/european-cobot-market-grows-35-in-2024/,European Cobot Market Grows 35% in 2024,News,F - Boilerplate,0,Yes,244,6,11,11,AMD Machines News Desk,4/10/25,Pending
https://amdmachines.com/blog/labor-department-reports-continued-manufacturing-worker-shor/,Labor Department Reports Continued Manufacturing Worker,News,F - Boilerplate,0,Yes,242,6,11,11,AMD Machines News Desk,3/10/25,Pending
https://amdmachines.com/blog/siemens-launches-industrial-metaverse-platform/,Siemens Launches Industrial Metaverse Platform,News,F - Boilerplate,0,Yes,243,6,11,11,AMD Machines News Desk,1/22/25,Pending
https://amdmachines.com/blog/amazon-robotics-introduces-ai-powered-bin-picking-solution/,Amazon Robotics Introduces AI-Powered Bin Picking Solution,News,F - Boilerplate,0,Yes,242,6,11,11,AMD Machines News Desk,5/12/25,Pending
https://amdmachines.com/blog/ai-vision-defect-detection-achieves-human-parity-in-automoti/,AI Vision Defect Detection Achieves Human Parity in,News,F - Boilerplate,0,Yes,245,6,11,11,AMD Machines News Desk,9/5/25,Pending
https://amdmachines.com/blog/automation-roi-calculator-tools-proliferate/,Automation ROI Calculator Tools Proliferate,News,F - Boilerplate,0,Yes,235,6,11,11,AMD Machines News Desk,9/8/25,Pending
https://amdmachines.com/blog/yaskawa-demonstrates-ai-trained-robot-welding-system/,Yaskawa Demonstrates AI-Trained Robot Welding System,News,F - Boilerplate,0,Yes,243,6,11,11,AMD Machines News Desk,3/18/25,Pending
https://amdmachines.com/blog/rockwell-automation-acquires-ai-vision-startup-for-800m/,Rockwell Automation Acquires AI Vision Startup for $800M,News,F - Boilerplate,0,Yes,238,6,11,11,AMD Machines News Desk,2/5/25,Pending
https://amdmachines.com/blog/flexible-manufacturing-systems-see-resurgence-with-ai/,Flexible Manufacturing Systems See Resurgence with AI,News,F - Boilerplate,0,Yes,241,6,11,11,AMD Machines News Desk,7/1/25,Pending
https://amdmachines.com/blog/manufacturing-ai-market-projected-to-reach-150b-by-2030/,Manufacturing AI Market Projected to Reach $150B by 2030,News,F - Boilerplate,0,Yes,243,6,11,11,AMD Machines News Desk,10/20/25,Pending
https://amdmachines.com/blog/ai-energy-management-reduces-factory-costs-20/,AI Energy Management Reduces Factory Costs 20%,News,F - Boilerplate,0,Yes,234,6,11,11,AMD Machines News Desk,8/15/25,Pending
https://amdmachines.com/blog/ai-predictive-maintenance-reduces-unplanned-downtime-50/,AI Predictive Maintenance Reduces Unplanned Downtime 50%,News,F - Boilerplate,0,Yes,240,6,11,11,AMD Machines News Desk,11/20/25,Pending
https://amdmachines.com/blog/bmw-opens-ai-powered-factory-in-south-carolina/,BMW Opens AI-Powered Factory in South Carolina,News,F - Boilerplate,0,Yes,250,6,11,11,AMD Machines News Desk,2/12/25,Pending
https://amdmachines.com/blog/manufacturing-ai-skills-gap-widens/,Manufacturing AI Skills Gap Widens,News,F - Boilerplate,0,Yes,236,6,11,11,AMD Machines News Desk,3/15/25,Pending
https://amdmachines.com/blog/robotic-welding-adoption-surges-45-year-over-year/,Robotic Welding Adoption Surges 45% Year-Over-Year,News,F - Boilerplate,0,Yes,241,6,11,11,AMD Machines News Desk,12/10/24,Pending
https://amdmachines.com/blog/ai-quality-vision-reduces-inspection-costs-40/,AI Quality Vision Reduces Inspection Costs 40%,News,F - Boilerplate,0,Yes,235,6,11,11,AMD Machines News Desk,8/1/25,Pending
https://amdmachines.com/blog/medical-device-industry-sees-60-increase-in-automation-inves/,Medical Device Industry Sees 60% Increase in Automation,News,F - Boilerplate,0,Yes,250,6,11,11,AMD Machines News Desk,7/30/25,Pending
https://amdmachines.com/blog/microsoft-and-openai-announce-manufacturing-ai-partnership/,Microsoft and OpenAI Announce Manufacturing AI Partnership,News,F - Boilerplate,0,Yes,243,6,11,11,AMD Machines News Desk,4/18/25,Pending
https://amdmachines.com/blog/robot-accuracy-vs-repeatability-whats-the-difference/,Robot Accuracy vs Repeatability: What''s the Difference?,Robotics,F - Boilerplate,0,Yes,332,6,15,24,AMD Machines Team,12/25/25,Pending
https://amdmachines.com/blog/autonomous-maintenance-robots-enter-factories/,Autonomous Maintenance Robots Enter Factories,News,F - Boilerplate,0,Yes,232,6,11,11,AMD Machines News Desk,9/1/25,Pending
https://amdmachines.com/blog/pharmaceutical-industry-embraces-ai-for-cleanroom-automation/,Pharmaceutical Industry Embraces AI for Cleanroom Automation,News,F - Boilerplate,0,Yes,247,6,11,11,AMD Machines News Desk,2/20/25,Pending
https://amdmachines.com/blog/robot-integration-challenges-and-how-to-overcome-them/,Robot Integration Challenges and How to Overcome Them,Robotics,F - Boilerplate,0,Yes,336,6,15,24,AMD Machines Team,12/29/25,Pending
https://amdmachines.com/blog/automotive-suppliers-report-25-productivity-gain-from-ai/,Automotive Suppliers Report 25% Productivity Gain from AI,News,F - Boilerplate,0,Yes,242,6,11,11,AMD Machines News Desk,12/5/25,Pending
https://amdmachines.com/blog/boston-dynamics-partners-with-toyota-research-for-ai-powered/,Boston Dynamics Partners with Toyota Research for,News,F - Boilerplate,0,Yes,258,6,11,11,AMD Machines News Desk,9/22/24,Pending
https://amdmachines.com/blog/2025-the-year-ai-transformed-manufacturing/,2025: The Year AI Transformed Manufacturing,News,F - Boilerplate,0,Yes,237,6,11,11,AMD Machines News Desk,12/20/25,Pending
https://amdmachines.com/blog/abb-launches-generative-ai-for-robot-programming/,ABB Launches Generative AI for Robot Programming,News,F - Boilerplate,0,Yes,238,6,11,11,AMD Machines News Desk,8/5/25,Pending
https://amdmachines.com/blog/robot-end-effectors-grippers-tools-and-custom-solutions/,"Robot End Effectors: Grippers, Tools, and Custom Solutions",Robotics,F - Boilerplate,0,Yes,335,6,15,24,AMD Machines Team,1/14/26,Pending
https://amdmachines.com/blog/us-doe-funds-ai-research-for-energy-efficient-manufacturing/,US DOE Funds AI Research for Energy-Efficient Manufacturing,News,F - Boilerplate,0,Yes,240,6,11,11,AMD Machines News Desk,7/22/25,Pending
https://amdmachines.com/blog/ai-powered-scheduling-improves-oee-15/,AI-Powered Scheduling Improves OEE 15%,News,F - Boilerplate,0,Yes,231,6,11,11,AMD Machines News Desk,5/1/25,Pending
https://amdmachines.com/blog/programming-industrial-robots-online-vs-offline-methods/,Programming Industrial Robots: Online vs Offline Methods,Robotics,F - Boilerplate,0,Yes,334,6,15,24,AMD Machines Team,1/12/26,Pending
https://amdmachines.com/blog/digital-twin-adoption-doubles-in-manufacturing/,Digital Twin Adoption Doubles in Manufacturing,News,F - Boilerplate,0,Yes,235,6,11,11,AMD Machines News Desk,12/1/24,Pending
https://amdmachines.com/blog/autonomous-inspection-drones-enter-manufacturing/,Autonomous Inspection Drones Enter Manufacturing,News,F - Boilerplate,0,Yes,240,6,11,11,AMD Machines News Desk,9/28/24,Pending
https://amdmachines.com/blog/foxconn-unveils-lights-out-iphone-factory-in-india/,Foxconn Unveils Lights-Out iPhone Factory in India,News,F - Boilerplate,0,Yes,238,6,11,11,AMD Machines News Desk,7/8/25,Pending
https://amdmachines.com/blog/amazon-deploys-750000-robots-across-fulfillment-network/,"Amazon Deploys 750,000 Robots Across Fulfillment Network",News,F - Boilerplate,0,Yes,252,6,11,11,AMD Machines News Desk,10/25/24,Pending
https://amdmachines.com/blog/google-cloud-launches-manufacturing-ai-agents/,Google Cloud Launches Manufacturing AI Agents,News,F - Boilerplate,0,Yes,237,6,11,11,AMD Machines News Desk,10/5/25,Pending
https://amdmachines.com/blog/fanuc-launches-ai-enhanced-crx-collaborative-robots/,Fanuc Launches AI-Enhanced CRX Collaborative Robots,News,F - Boilerplate,0,Yes,258,6,11,11,AMD Machines News Desk,10/18/24,Pending
https://amdmachines.com/blog/5g-private-networks-enable-factory-ai-applications/,5G Private Networks Enable Factory AI Applications,News,F - Boilerplate,0,Yes,234,6,11,11,AMD Machines News Desk,2/1/25,Pending
https://amdmachines.com/blog/small-manufacturers-report-3x-roi-on-automation-investments/,Small Manufacturers Report 3X ROI on Automation Investments,News,F - Boilerplate,0,Yes,239,6,11,11,AMD Machines News Desk,9/12/25,Pending
https://amdmachines.com/blog/index/,"Automation Resources & Blog | Technical Guides, Case",Unknown,F - Boilerplate,3,Yes,0,0,0,0,Unknown,Unknown,Pending
https://amdmachines.com/blog/aluminum-welding-challenges-and-solutions/,Aluminum Welding Challenges and Solutions,Robotics,F - Boilerplate,10,Yes,249,6,23,3,AMD Machines Team,7/30/25,Pending
https://amdmachines.com/blog/introduction-to-robotic-welding-mig-tig-and-spot/,"Introduction to Robotic Welding: MIG, TIG, and Spot",Robotics,F - Boilerplate,10,Yes,249,6,23,3,AMD Machines Team,8/23/25,Pending
https://amdmachines.com/blog/remote-monitoring-and-diagnostics/,Remote Monitoring and Diagnostics,Guides,F - Boilerplate,10,Yes,249,6,23,3,AMD Machines Team,4/5/25,Pending
https://amdmachines.com/blog/welding-fixture-design-for-robotic-cells/,Welding Fixture Design for Robotic Cells,Robotics,F - Boilerplate,10,Yes,252,6,23,3,AMD Machines Team,8/21/25,Pending
https://amdmachines.com/blog/the-impact-of-ai-on-industrial-automation/,The Impact of AI on Industrial Automation,Trends,F - Boilerplate,10,Yes,250,6,23,3,AMD Machines Team,10/9/24,Pending
https://amdmachines.com/blog/defense-contractor-implements-secure-automation-network/,Defense Contractor Implements Secure Automation Network,Business,F - Boilerplate,10,Yes,247,6,23,3,AMD Machines Team,12/4/24,Pending
https://amdmachines.com/blog/network-architecture-for-industrial-automation/,Network Architecture for Industrial Automation,Guides,F - Boilerplate,10,Yes,249,6,23,3,AMD Machines Team,4/15/25,Pending
https://amdmachines.com/blog/augmented-reality-in-manufacturing-operations/,Augmented Reality in Manufacturing Operations,Trends,F - Boilerplate,10,Yes,249,6,23,3,AMD Machines Team,1/11/25,Pending
https://amdmachines.com/blog/vibration-analysis-for-rotating-equipment/,Vibration Analysis for Rotating Equipment,Business,F - Boilerplate,10,Yes,251,6,23,3,AMD Machines Team,3/6/25,Pending
https://amdmachines.com/blog/automation-strategy-for-small-and-medium-manufacturers/,Automation Strategy for Small and Medium Manufacturers,Business,F - Boilerplate,10,Yes,253,6,23,3,AMD Machines Team,5/27/25,Pending
https://amdmachines.com/blog/solving-robot-collision-and-interference-issues/,Solving Robot Collision and Interference Issues,Guides,F - Boilerplate,10,Yes,249,6,23,3,AMD Machines Team,9/17/24,Pending
https://amdmachines.com/blog/labor-savings-vs-productivity-gains-in-automation-roi/,Labor Savings vs Productivity Gains in Automation ROI,Business,F - Boilerplate,10,Yes,253,6,23,3,AMD Machines Team,6/16/25,Pending
https://amdmachines.com/blog/building-a-roadmap-for-smart-factory-transformation/,Building a Roadmap for Smart Factory Transformation,Trends,F - Boilerplate,10,Yes,294,6,20,3,AMD Machines Team,8/25/25,Pending
https://amdmachines.com/blog/conveyor-systems-types-and-selection-guide/,Conveyor Systems: Types and Selection Guide,Assembly,F - Boilerplate,10,Yes,248,6,23,3,AMD Machines Team,7/24/25,Pending
https://amdmachines.com/blog/electrical-panel-design-standards-and-best-practices/,Electrical Panel Design Standards and Best Practices,Guides,F - Boilerplate,10,Yes,250,6,23,3,AMD Machines Team,11/8/24,Pending
https://amdmachines.com/blog/training-programs-for-automation-technicians/,Training Programs for Automation Technicians,Business,F - Boilerplate,10,Yes,250,6,23,3,AMD Machines Team,3/20/25,Pending
https://amdmachines.com/blog/justifying-automation-investment-to-management/,Justifying Automation Investment to Management,Business,F - Boilerplate,10,Yes,250,6,23,3,AMD Machines Team,6/20/25,Pending
https://amdmachines.com/blog/goods-to-person-fulfillment-systems/,Goods-to-Person Fulfillment Systems,Assembly,F - Boilerplate,10,Yes,248,6,23,3,AMD Machines Team,7/6/25,Pending
https://amdmachines.com/blog/automation-financing-options-lease-loan-or-purchase/,"Automation Financing Options: Lease, Loan, or Purchase",Business,F - Boilerplate,10,Yes,246,6,23,3,AMD Machines Team,6/18/25,Pending
https://amdmachines.com/blog/preventive-maintenance-programs-for-automation/,Preventive Maintenance Programs for Automation,Business,F - Boilerplate,10,Yes,249,6,23,3,AMD Machines Team,3/26/25,Pending
https://amdmachines.com/blog/troubleshooting-conveyor-system-malfunctions/,Troubleshooting Conveyor System Malfunctions,Guides,F - Boilerplate,10,Yes,246,6,23,3,AMD Machines Team,9/11/24,Pending
https://amdmachines.com/blog/quantum-computing-future-impact-on-manufacturing/,Quantum Computing: Future Impact on Manufacturing,Trends,F - Boilerplate,10,Yes,246,6,23,3,AMD Machines Team,1/3/25,Pending
https://amdmachines.com/blog/calibration-management-for-test-equipment/,Calibration Management for Test Equipment,Vision & QC,F - Boilerplate,10,Yes,284,6,20,3,AMD Machines Team,9/24/25,Pending
https://amdmachines.com/blog/automation-cell-layout-and-space-planning/,Automation Cell Layout and Space Planning,Guides,F - Boilerplate,10,Yes,252,6,23,3,AMD Machines Team,2/24/25,Pending
https://amdmachines.com/blog/calculating-roi-for-industrial-automation-projects/,Calculating ROI for Industrial Automation Projects,Business,F - Boilerplate,10,Yes,254,6,23,3,AMD Machines Team,6/24/25,Pending
https://amdmachines.com/blog/debugging-sensor-detection-problems/,Debugging Sensor Detection Problems,Guides,F - Boilerplate,10,Yes,245,6,23,3,AMD Machines Team,9/15/24,Pending
https://amdmachines.com/blog/wearable-technology-for-factory-workers/,Wearable Technology for Factory Workers,Trends,F - Boilerplate,10,Yes,248,6,23,3,AMD Machines Team,1/7/25,Pending
https://amdmachines.com/blog/the-future-of-manual-work-in-automated-factories/,The Future of Manual Work in Automated Factories,Trends,F - Boilerplate,10,Yes,251,6,23,3,AMD Machines Team,10/5/24,Pending
https://amdmachines.com/blog/semiconductor-packaging-automation-handles-sub-millimeter-parts/,Semiconductor Packaging Automation Handles,Business,F - Boilerplate,10,Yes,250,6,23,3,AMD Machines Team,12/6/24,Pending
https://amdmachines.com/blog/electric-vehicle-impact-on-manufacturing-automation/,Electric Vehicle Impact on Manufacturing Automation,Trends,F - Boilerplate,10,Yes,249,6,23,3,AMD Machines Team,10/21/24,Pending
https://amdmachines.com/blog/simulation-for-control-system-validation/,Simulation for Control System Validation,Guides,F - Boilerplate,10,Yes,251,6,23,3,AMD Machines Team,4/3/25,Pending
https://amdmachines.com/blog/the-skills-gap-in-manufacturing-automation/,The Skills Gap in Manufacturing Automation,Trends,F - Boilerplate,10,Yes,250,6,23,3,AMD Machines Team,10/13/24,Pending
https://amdmachines.com/blog/force-and-torque-measurement-in-assembly-verification/,Force and Torque Measurement in Assembly Verification,Vision & QC,F - Boilerplate,10,Yes,288,6,20,3,AMD Machines Team,10/8/25,Pending
https://amdmachines.com/blog/sensor-selection-for-automation-applications/,Sensor Selection for Automation Applications,Guides,F - Boilerplate,10,Yes,251,6,23,3,AMD Machines Team,4/13/25,Pending
https://amdmachines.com/blog/appliance-assembly-line-automation/,Appliance Assembly Line Automation,Business,F - Boilerplate,10,Yes,246,6,23,3,AMD Machines Team,5/7/25,Pending
https://amdmachines.com/blog/battery-manufacturing-automation-for-evs/,Battery Manufacturing Automation for EVs,Business,F - Boilerplate,10,Yes,248,6,23,3,AMD Machines Team,5/13/25,Pending
https://amdmachines.com/blog/fixing-servo-drive-faults-and-alarms/,Fixing Servo Drive Faults and Alarms,Guides,F - Boilerplate,10,Yes,250,6,23,3,AMD Machines Team,9/21/24,Pending
https://amdmachines.com/blog/vendor-selection-for-automation-projects/,Vendor Selection for Automation Projects,Business,F - Boilerplate,10,Yes,249,6,23,3,AMD Machines Team,6/4/25,Pending
https://amdmachines.com/blog/multi-robot-welding-cells-for-high-production/,Multi-Robot Welding Cells for High Production,Robotics,F - Boilerplate,10,Yes,251,6,23,3,AMD Machines Team,8/13/25,Pending
https://amdmachines.com/blog/automation-standards-current-state-and-future-direction/,Automation Standards: Current State and Future Direction,Trends,F - Boilerplate,10,Yes,244,6,23,3,AMD Machines Team,10/1/24,Pending
https://amdmachines.com/blog/environmental-considerations-in-automation-design/,Environmental Considerations in Automation Design,Guides,F - Boilerplate,10,Yes,249,6,23,3,AMD Machines Team,2/2/25,Pending
https://amdmachines.com/blog/cybersecurity-for-connected-manufacturing/,Cybersecurity for Connected Manufacturing,Trends,F - Boilerplate,10,Yes,292,6,20,3,AMD Machines Team,9/6/25,Pending
https://amdmachines.com/blog/vibration-and-shock-isolation-for-precision-equipment/,Vibration and Shock Isolation for Precision Equipment,Guides,F - Boilerplate,10,Yes,252,6,23,3,AMD Machines Team,2/14/25,Pending
https://amdmachines.com/blog/semiconductor-backend-automation/,Semiconductor Backend Automation,Business,F - Boilerplate,10,Yes,247,6,23,3,AMD Machines Team,5/5/25,Pending
https://amdmachines.com/blog/modular-automation-design-for-flexibility/,Modular Automation Design for Flexibility,Guides,F - Boilerplate,10,Yes,250,6,23,3,AMD Machines Team,2/6/25,Pending
https://amdmachines.com/blog/weld-inspection-methods-visual-ut-and-radiographic/,"Weld Inspection Methods: Visual, UT, and Radiographic",Vision & QC,F - Boilerplate,10,Yes,286,6,20,3,AMD Machines Team,9/30/25,Pending
https://amdmachines.com/blog/opc-ua-the-standard-for-industrial-interoperability/,OPC UA: The Standard for Industrial Interoperability,Trends,F - Boilerplate,10,Yes,292,6,20,3,AMD Machines Team,9/16/25,Pending
https://amdmachines.com/blog/machine-learning-for-quality-prediction/,Machine Learning for Quality Prediction,Trends,F - Boilerplate,10,Yes,250,6,23,3,AMD Machines Team,1/23/25,Pending
https://amdmachines.com/blog/statistical-process-control-in-automated-testing/,Statistical Process Control in Automated Testing,Vision & QC,F - Boilerplate,10,Yes,289,6,20,3,AMD Machines Team,10/12/25,Pending
https://amdmachines.com/blog/pneumatics-vs-electric-actuators-selection-guide/,Pneumatics vs Electric Actuators: Selection Guide,Guides,F - Boilerplate,10,Yes,249,6,23,3,AMD Machines Team,4/19/25,Pending
https://amdmachines.com/blog/welding-automation-for-small-batch-production/,Welding Automation for Small Batch Production,Robotics,F - Boilerplate,10,Yes,250,6,23,3,AMD Machines Team,8/1/25,Pending
https://amdmachines.com/blog/plc-programming-fundamentals-for-automation/,PLC Programming Fundamentals for Automation,Guides,F - Boilerplate,10,Yes,249,6,23,3,AMD Machines Team,4/25/25,Pending
https://amdmachines.com/blog/automated-guided-vehicles-navigation-technologies/,Automated Guided Vehicles: Navigation Technologies,Assembly,F - Boilerplate,10,Yes,249,6,23,3,AMD Machines Team,7/8/25,Pending
https://amdmachines.com/blog/complete-guide-to-robot-tool-changers/,Complete Guide to Robot Tool Changers,Guides,F - Boilerplate,10,Yes,249,6,23,3,AMD Machines Team,11/6/24,Pending
https://amdmachines.com/blog/distributed-control-vs-centralized-architectures/,Distributed Control vs Centralized Architectures,Guides,F - Boilerplate,10,Yes,250,6,23,3,AMD Machines Team,3/30/25,Pending
https://amdmachines.com/blog/palletizing-patterns-and-robot-programming/,Palletizing Patterns and Robot Programming,Assembly,F - Boilerplate,10,Yes,250,6,23,3,AMD Machines Team,7/20/25,Pending
https://amdmachines.com/blog/digital-twin-applications-in-manufacturing/,Digital Twin Applications in Manufacturing,Trends,F - Boilerplate,10,Yes,249,6,23,3,AMD Machines Team,1/15/25,Pending
https://amdmachines.com/blog/predictive-maintenance-technologies-and-implementation/,Predictive Maintenance Technologies and Implementation,Business,F - Boilerplate,10,Yes,250,6,23,3,AMD Machines Team,3/24/25,Pending
https://amdmachines.com/blog/aerospace-composites-automation-layup-to-inspection/,Aerospace Composites Automation: Layup to Inspection,Business,F - Boilerplate,10,Yes,245,6,23,3,AMD Machines Team,5/21/25,Pending
https://amdmachines.com/blog/reshoring-manufacturing-the-automation-imperative/,Reshoring Manufacturing: The Automation Imperative,Trends,F - Boilerplate,10,Yes,244,6,23,3,AMD Machines Team,10/25/24,Pending
https://amdmachines.com/blog/building-internal-automation-capabilities/,Building Internal Automation Capabilities,Business,F - Boilerplate,10,Yes,248,6,23,3,AMD Machines Team,6/6/25,Pending
https://amdmachines.com/blog/simulation-tools-for-automation-design/,Simulation Tools for Automation Design,Guides,F - Boilerplate,10,Yes,249,6,23,3,AMD Machines Team,1/29/25,Pending
https://amdmachines.com/blog/automation-project-management-best-practices/,Automation Project Management Best Practices,Business,F - Boilerplate,10,Yes,248,6,23,3,AMD Machines Team,6/8/25,Pending
https://amdmachines.com/blog/artificial-intelligence-in-industrial-automation/,Artificial Intelligence in Industrial Automation,Trends,F - Boilerplate,10,Yes,250,6,23,3,AMD Machines Team,1/25/25,Pending
https://amdmachines.com/blog/heavy-equipment-manufacturing-automation/,Heavy Equipment Manufacturing Automation,Business,F - Boilerplate,10,Yes,248,6,23,3,AMD Machines Team,5/9/25,Pending
https://amdmachines.com/blog/medical-device-manufacturing-automation-requirements/,Medical Device Manufacturing Automation Requirements,Business,F - Boilerplate,10,Yes,249,6,23,3,AMD Machines Team,5/23/25,Pending
https://amdmachines.com/blog/fixing-welding-quality-problems/,Fixing Welding Quality Problems,Guides,F - Boilerplate,10,Yes,249,6,23,3,AMD Machines Team,9/9/24,Pending
https://amdmachines.com/blog/energy-monitoring-and-optimization-in-smart-factories/,Energy Monitoring and Optimization in Smart Factories,Trends,F - Boilerplate,10,Yes,291,6,20,3,AMD Machines Team,8/31/25,Pending
https://amdmachines.com/blog/mechanical-design-considerations-for-automation/,Mechanical Design Considerations for Automation,Guides,F - Boilerplate,10,Yes,251,6,23,3,AMD Machines Team,2/22/25,Pending
https://amdmachines.com/blog/collaborative-robot-technology-evolution/,Collaborative Robot Technology Evolution,Trends,F - Boilerplate,10,Yes,248,6,23,3,AMD Machines Team,1/17/25,Pending
https://amdmachines.com/blog/electrical-maintenance-for-automation-systems/,Electrical Maintenance for Automation Systems,Business,F - Boilerplate,10,Yes,250,6,23,3,AMD Machines Team,2/28/25,Pending
https://amdmachines.com/blog/automation-investment-trends-in-2024/,Automation Investment Trends in 2024,Trends,F - Boilerplate,10,Yes,248,6,23,3,AMD Machines Team,10/11/24,Pending
https://amdmachines.com/blog/when-to-automate-vs-when-to-improve-manual-processes/,When to Automate vs When to Improve Manual Processes,Business,F - Boilerplate,10,Yes,254,6,23,3,AMD Machines Team,6/10/25,Pending
https://amdmachines.com/blog/sustainable-manufacturing-through-automation/,Sustainable Manufacturing Through Automation,Trends,F - Boilerplate,10,Yes,248,6,23,3,AMD Machines Team,1/1/25,Pending
https://amdmachines.com/blog/pneumatic-cylinder-sizing-calculations/,Pneumatic Cylinder Sizing Calculations,Guides,F - Boilerplate,10,Yes,251,6,23,3,AMD Machines Team,11/20/24,Pending
https://amdmachines.com/blog/introduction-to-industry-40-and-smart-manufacturing/,Introduction to Industry 4.0 and Smart Manufacturing,Trends,F - Boilerplate,10,Yes,296,6,20,3,AMD Machines Team,9/22/25,Pending
https://amdmachines.com/blog/spare-parts-strategy-for-automation-equipment/,Spare Parts Strategy for Automation Equipment,Business,F - Boilerplate,10,Yes,251,6,23,3,AMD Machines Team,3/22/25,Pending
https://amdmachines.com/blog/understanding-fieldbus-vs-industrial-ethernet/,Understanding Fieldbus vs Industrial Ethernet,Guides,F - Boilerplate,10,Yes,248,6,23,3,AMD Machines Team,11/10/24,Pending
https://amdmachines.com/blog/functional-testing-of-electronic-assemblies/,Functional Testing of Electronic Assemblies,Vision & QC,F - Boilerplate,10,Yes,289,6,20,3,AMD Machines Team,10/10/25,Pending
https://amdmachines.com/blog/lights-out-manufacturing-reality-and-requirements/,Lights-Out Manufacturing: Reality and Requirements,Trends,F - Boilerplate,10,Yes,247,6,23,3,AMD Machines Team,12/30/24,Pending
https://amdmachines.com/blog/packaging-automation-case-erecting-to-palletizing/,Packaging Automation: Case Erecting to Palletizing,Assembly,F - Boilerplate,10,Yes,248,6,23,3,AMD Machines Team,7/2/25,Pending
https://amdmachines.com/blog/understanding-force-control-in-robotics/,Understanding Force Control in Robotics,Guides,F - Boilerplate,10,Yes,248,6,23,3,AMD Machines Team,11/4/24,Pending
https://amdmachines.com/blog/additive-manufacturing-integration-with-automation/,Additive Manufacturing Integration with Automation,Trends,F - Boilerplate,10,Yes,250,6,23,3,AMD Machines Team,1/13/25,Pending
https://amdmachines.com/blog/documentation-requirements-for-automation-systems/,Documentation Requirements for Automation Systems,Business,F - Boilerplate,10,Yes,250,6,23,3,AMD Machines Team,3/14/25,Pending
https://amdmachines.com/blog/thermal-management-in-automation-enclosures/,Thermal Management in Automation Enclosures,Guides,F - Boilerplate,10,Yes,249,6,23,3,AMD Machines Team,2/12/25,Pending
https://amdmachines.com/blog/total-cost-of-ownership-for-robotic-systems/,Total Cost of Ownership for Robotic Systems,Business,F - Boilerplate,10,Yes,254,6,23,3,AMD Machines Team,6/22/25,Pending
https://amdmachines.com/blog/building-an-automation-support-organization/,Building an Automation Support Organization,Business,F - Boilerplate,10,Yes,250,6,23,3,AMD Machines Team,2/26/25,Pending
https://amdmachines.com/blog/industrial-air-quality-and-fume-extraction/,Industrial Air Quality and Fume Extraction,Guides,F - Boilerplate,10,Yes,250,6,23,3,AMD Machines Team,10/31/24,Pending
https://amdmachines.com/blog/voice-control-and-natural-language-in-automation/,Voice Control and Natural Language in Automation,Trends,F - Boilerplate,10,Yes,250,6,23,3,AMD Machines Team,1/9/25,Pending
https://amdmachines.com/blog/lubrication-management-for-automated-equipment/,Lubrication Management for Automated Equipment,Business,F - Boilerplate,10,Yes,248,6,23,3,AMD Machines Team,3/2/25,Pending
https://amdmachines.com/blog/contract-manufacturer-builds-flexible-multi-product-lines/,Contract Manufacturer Builds Flexible Multi-Product Lines,Business,F - Boilerplate,10,Yes,251,6,23,3,AMD Machines Team,11/30/24,Pending
https://amdmachines.com/blog/the-rise-of-automation-as-a-service/,The Rise of Automation-as-a-Service,Trends,F - Boilerplate,10,Yes,247,6,23,3,AMD Machines Team,10/27/24,Pending
https://amdmachines.com/blog/scaling-automation-from-pilot-to-full-deployment/,Scaling Automation: From Pilot to Full Deployment,Business,F - Boilerplate,10,Yes,246,6,23,3,AMD Machines Team,5/29/25,Pending
https://amdmachines.com/blog/x-ray-inspection-for-hidden-defects/,X-Ray Inspection for Hidden Defects,Vision & QC,F - Boilerplate,10,Yes,289,6,20,3,AMD Machines Team,10/4/25,Pending
https://amdmachines.com/blog/legacy-factory-modernizes-with-iiot-integration/,Legacy Factory Modernizes with IIoT Integration,Business,F - Boilerplate,10,Yes,251,6,23,3,AMD Machines Team,11/28/24,Pending
https://amdmachines.com/blog/food-packaging-automation-hygiene-and-speed/,Food Packaging Automation: Hygiene and Speed,Business,F - Boilerplate,10,Yes,247,6,23,3,AMD Machines Team,5/17/25,Pending
https://amdmachines.com/blog/understanding-industrial-ethernet-protocols/,Understanding Industrial Ethernet Protocols,Guides,F - Boilerplate,10,Yes,248,6,23,3,AMD Machines Team,11/24/24,Pending
https://amdmachines.com/blog/manufacturing-execution-systems-mes-fundamentals/,Manufacturing Execution Systems: MES Fundamentals,Trends,F - Boilerplate,10,Yes,295,6,20,3,AMD Machines Team,9/10/25,Pending
https://amdmachines.com/blog/automotive-tier-1-supplier-automation-strategies/,Automotive Tier 1 Supplier Automation Strategies,Business,F - Boilerplate,10,Yes,251,6,23,3,AMD Machines Team,5/25/25,Pending
https://amdmachines.com/blog/troubleshooting-vision-system-failures/,Troubleshooting Vision System Failures,Guides,F - Boilerplate,10,Yes,247,6,23,3,AMD Machines Team,9/25/24,Pending
https://amdmachines.com/blog/consumer-goods-packaging-flexibility/,Consumer Goods Packaging Flexibility,Business,F - Boilerplate,10,Yes,247,6,23,3,AMD Machines Team,5/11/25,Pending
https://amdmachines.com/blog/heavy-equipment-welding-cell-increases-throughput-3x/,Heavy Equipment Welding Cell Increases Throughput 3X,Business,F - Boilerplate,10,Yes,250,6,23,3,AMD Machines Team,12/10/24,Pending
https://amdmachines.com/blog/guarding-and-safety-system-design/,Guarding and Safety System Design,Guides,F - Boilerplate,10,Yes,251,6,23,3,AMD Machines Team,2/16/25,Pending
https://amdmachines.com/blog/measuring-automation-success-kpis-and-metrics/,Measuring Automation Success: KPIs and Metrics,Business,F - Boilerplate,10,Yes,248,6,23,3,AMD Machines Team,6/12/25,Pending
https://amdmachines.com/blog/plc-memory-types-and-organization/,PLC Memory Types and Organization,Guides,F - Boilerplate,10,Yes,248,6,23,3,AMD Machines Team,11/14/24,Pending
https://amdmachines.com/blog/weld-inspection-and-quality-documentation/,Weld Inspection and Quality Documentation,Robotics,F - Boilerplate,10,Yes,250,6,23,3,AMD Machines Team,7/26/25,Pending
https://amdmachines.com/blog/recipe-management-for-batch-production/,Recipe Management for Batch Production,Guides,F - Boilerplate,10,Yes,248,6,23,3,AMD Machines Team,4/9/25,Pending
https://amdmachines.com/blog/resistance-welding-automation-for-sheet-metal/,Resistance Welding Automation for Sheet Metal,Robotics,F - Boilerplate,10,Yes,252,6,23,3,AMD Machines Team,8/9/25,Pending
https://amdmachines.com/blog/computer-vision-advances-for-manufacturing/,Computer Vision Advances for Manufacturing,Trends,F - Boilerplate,10,Yes,250,6,23,3,AMD Machines Team,1/21/25,Pending
https://amdmachines.com/blog/contract-manufacturing-automation-flexibility/,Contract Manufacturing Automation Flexibility,Business,F - Boilerplate,10,Yes,249,6,23,3,AMD Machines Team,4/27/25,Pending
https://amdmachines.com/blog/end-of-line-testing-strategies-for-quality-assurance/,End-of-Line Testing Strategies for Quality Assurance,Vision & QC,F - Boilerplate,10,Yes,287,6,20,3,AMD Machines Team,10/22/25,Pending
https://amdmachines.com/blog/automated-test-equipment-architecture-and-design/,Automated Test Equipment Architecture and Design,Vision & QC,F - Boilerplate,10,Yes,288,6,20,3,AMD Machines Team,9/28/25,Pending
https://amdmachines.com/blog/buffer-and-accumulation-conveyor-design/,Buffer and Accumulation Conveyor Design,Assembly,F - Boilerplate,10,Yes,249,6,23,3,AMD Machines Team,6/30/25,Pending
https://amdmachines.com/blog/thermal-monitoring-for-predictive-maintenance/,Thermal Monitoring for Predictive Maintenance,Business,F - Boilerplate,10,Yes,249,6,23,3,AMD Machines Team,3/4/25,Pending
https://amdmachines.com/blog/the-total-automation-ecosystem-from-design-to-support/,The Total Automation Ecosystem: From Design to Support,Trends,F - Boilerplate,10,Yes,245,6,23,3,AMD Machines Team,9/29/24,Pending
https://amdmachines.com/blog/automated-storage-and-retrieval-systems-overview/,Automated Storage and Retrieval Systems Overview,Assembly,F - Boilerplate,10,Yes,249,6,23,3,AMD Machines Team,7/22/25,Pending
https://amdmachines.com/blog/electrical-design-standards-for-automation/,Electrical Design Standards for Automation,Guides,F - Boilerplate,10,Yes,250,6,23,3,AMD Machines Team,2/20/25,Pending
https://amdmachines.com/blog/appliance-assembly-line-integrates-15-robot-stations/,Appliance Assembly Line Integrates 15 Robot Stations,Business,F - Boilerplate,10,Yes,253,6,23,3,AMD Machines Team,12/8/24,Pending
https://amdmachines.com/blog/cleanroom-material-handling-requirements/,Cleanroom Material Handling Requirements,Assembly,F - Boilerplate,10,Yes,248,6,23,3,AMD Machines Team,6/26/25,Pending
https://amdmachines.com/blog/regional-manufacturing-competitiveness/,Regional Manufacturing Competitiveness,Trends,F - Boilerplate,10,Yes,245,6,23,3,AMD Machines Team,10/7/24,Pending
https://amdmachines.com/blog/seam-tracking-and-adaptive-welding-technology/,Seam Tracking and Adaptive Welding Technology,Robotics,F - Boilerplate,10,Yes,255,6,23,3,AMD Machines Team,8/19/25,Pending
https://amdmachines.com/blog/electronics-assembly-automation-trends/,Electronics Assembly Automation Trends,Business,F - Boilerplate,10,Yes,250,6,23,3,AMD Machines Team,5/19/25,Pending
https://amdmachines.com/blog/laser-welding-vs-traditional-arc-welding/,Laser Welding vs Traditional Arc Welding,Robotics,F - Boilerplate,10,Yes,251,6,23,3,AMD Machines Team,8/11/25,Pending
https://amdmachines.com/blog/stainless-steel-welding-best-practices/,Stainless Steel Welding Best Practices,Robotics,F - Boilerplate,10,Yes,252,6,23,3,AMD Machines Team,7/28/25,Pending
https://amdmachines.com/blog/time-sensitive-networking-for-industrial-automation/,Time-Sensitive Networking for Industrial Automation,Guides,F - Boilerplate,10,Yes,250,6,23,3,AMD Machines Team,3/28/25,Pending
https://amdmachines.com/blog/alarm-management-in-automated-systems/,Alarm Management in Automated Systems,Guides,F - Boilerplate,10,Yes,250,6,23,3,AMD Machines Team,4/7/25,Pending
https://amdmachines.com/blog/performance-optimization-for-existing-automation/,Performance Optimization for Existing Automation,Business,F - Boilerplate,10,Yes,249,6,23,3,AMD Machines Team,3/10/25,Pending
https://amdmachines.com/blog/the-future-of-human-robot-collaboration/,The Future of Human-Robot Collaboration,Trends,F - Boilerplate,10,Yes,249,6,23,3,AMD Machines Team,12/28/24,Pending
https://amdmachines.com/blog/resolving-hmi-and-visualization-issues/,Resolving HMI and Visualization Issues,Guides,F - Boilerplate,10,Yes,247,6,23,3,AMD Machines Team,9/13/24,Pending
https://amdmachines.com/blog/retrofitting-controls-on-legacy-equipment/,Retrofitting Controls on Legacy Equipment,Guides,F - Boilerplate,10,Yes,250,6,23,3,AMD Machines Team,4/1/25,Pending
https://amdmachines.com/blog/vacuum-gripping-technology-and-applications/,Vacuum Gripping Technology and Applications,Assembly,F - Boilerplate,10,Yes,250,6,23,3,AMD Machines Team,7/14/25,Pending
https://amdmachines.com/blog/upgrading-and-retrofitting-automation-equipment/,Upgrading and Retrofitting Automation Equipment,Business,F - Boilerplate,10,Yes,249,6,23,3,AMD Machines Team,3/8/25,Pending
https://amdmachines.com/blog/supply-chain-visibility-through-connected-manufacturing/,Supply Chain Visibility Through Connected Manufacturing,Trends,F - Boilerplate,10,Yes,292,6,20,3,AMD Machines Team,8/29/25,Pending
https://amdmachines.com/blog/industrial-sensor-technologies-compared/,Industrial Sensor Technologies Compared,Guides,F - Boilerplate,10,Yes,250,6,23,3,AMD Machines Team,11/12/24,Pending
https://amdmachines.com/blog/magnetic-grippers-for-ferrous-materials/,Magnetic Grippers for Ferrous Materials,Assembly,F - Boilerplate,10,Yes,251,6,23,3,AMD Machines Team,7/12/25,Pending
https://amdmachines.com/blog/small-batch-manufacturing-economics/,Small Batch Manufacturing Economics,Trends,F - Boilerplate,10,Yes,247,6,23,3,AMD Machines Team,10/15/24,Pending
https://amdmachines.com/blog/heavy-payload-handling-with-industrial-robots/,Heavy Payload Handling with Industrial Robots,Assembly,F - Boilerplate,10,Yes,252,6,23,3,AMD Machines Team,6/28/25,Pending
https://amdmachines.com/blog/design-for-maintenance-accessibility/,Design for Maintenance Accessibility,Guides,F - Boilerplate,10,Yes,247,6,23,3,AMD Machines Team,2/4/25,Pending
https://amdmachines.com/blog/depalletizing-challenges-and-vision-solutions/,Depalletizing Challenges and Vision Solutions,Assembly,F - Boilerplate,10,Yes,250,6,23,3,AMD Machines Team,7/18/25,Pending
https://amdmachines.com/blog/renewable-energy-component-manufacturing-scales-up/,Renewable Energy Component Manufacturing Scales Up,Business,F - Boilerplate,10,Yes,252,6,23,3,AMD Machines Team,12/2/24,Pending
https://amdmachines.com/blog/obsolescence-management-for-automation-systems/,Obsolescence Management for Automation Systems,Business,F - Boilerplate,10,Yes,249,6,23,3,AMD Machines Team,3/16/25,Pending
https://amdmachines.com/blog/acoustic-testing-for-quality-verification/,Acoustic Testing for Quality Verification,Vision & QC,F - Boilerplate,10,Yes,288,6,20,3,AMD Machines Team,10/6/25,Pending
https://amdmachines.com/blog/leak-testing-methods-pressure-decay-mass-flow-and-helium/,"Leak Testing Methods: Pressure Decay, Mass Flow, and Helium",Vision & QC,F - Boilerplate,10,Yes,290,6,20,3,AMD Machines Team,10/20/25,Pending
https://amdmachines.com/blog/noise-control-in-automated-manufacturing/,Noise Control in Automated Manufacturing,Guides,F - Boilerplate,10,Yes,250,6,23,3,AMD Machines Team,2/10/25,Pending
https://amdmachines.com/blog/autonomous-mobile-robots-technology-update/,Autonomous Mobile Robots: Technology Update,Trends,F - Boilerplate,10,Yes,248,6,23,3,AMD Machines Team,1/19/25,Pending
https://amdmachines.com/blog/pharmaceutical-packaging-line-automation/,Pharmaceutical Packaging Line Automation,Business,F - Boilerplate,10,Yes,247,6,23,3,AMD Machines Team,5/15/25,Pending
https://amdmachines.com/blog/soft-grippers-for-delicate-products/,Soft Grippers for Delicate Products,Assembly,F - Boilerplate,10,Yes,251,6,23,3,AMD Machines Team,7/10/25,Pending
https://amdmachines.com/blog/safety-plc-and-safety-system-design/,Safety PLC and Safety System Design,Guides,F - Boilerplate,10,Yes,251,6,23,3,AMD Machines Team,4/17/25,Pending
https://amdmachines.com/blog/sustainability-goals-driving-automation-investment/,Sustainability Goals Driving Automation Investment,Trends,F - Boilerplate,10,Yes,248,6,23,3,AMD Machines Team,10/19/24,Pending
https://amdmachines.com/blog/welding-wire-and-consumable-management/,Welding Wire and Consumable Management,Robotics,F - Boilerplate,10,Yes,251,6,23,3,AMD Machines Team,8/17/25,Pending
https://amdmachines.com/blog/cloud-vs-on-premise-for-manufacturing-data/,Cloud vs On-Premise for Manufacturing Data,Trends,F - Boilerplate,10,Yes,293,6,20,3,AMD Machines Team,9/8/25,Pending
https://amdmachines.com/blog/hidden-costs-in-automation-projects/,Hidden Costs in Automation Projects,Business,F - Boilerplate,10,Yes,251,6,23,3,AMD Machines Team,6/14/25,Pending
https://amdmachines.com/blog/pharmaceutical-packaging-meets-serialization-requirements/,Pharmaceutical Packaging Meets Serialization Requirements,Business,F - Boilerplate,10,Yes,250,6,23,3,AMD Machines Team,12/16/24,Pending
https://amdmachines.com/blog/welding-fume-extraction-and-safety-systems/,Welding Fume Extraction and Safety Systems,Robotics,F - Boilerplate,10,Yes,251,6,23,3,AMD Machines Team,8/7/25,Pending
https://amdmachines.com/blog/test-data-management-and-analytics/,Test Data Management and Analytics,Vision & QC,F - Boilerplate,10,Yes,288,6,20,3,AMD Machines Team,9/26/25,Pending
https://amdmachines.com/blog/standardization-in-automation-design/,Standardization in Automation Design,Guides,F - Boilerplate,10,Yes,248,6,23,3,AMD Machines Team,1/31/25,Pending
https://amdmachines.com/blog/pneumatic-system-design-for-automation/,Pneumatic System Design for Automation,Guides,F - Boilerplate,10,Yes,250,6,23,3,AMD Machines Team,2/18/25,Pending
https://amdmachines.com/blog/data-acquisition-and-historian-systems/,Data Acquisition and Historian Systems,Guides,F - Boilerplate,10,Yes,250,6,23,3,AMD Machines Team,4/11/25,Pending
https://amdmachines.com/blog/commissioning-and-startup-best-practices/,Commissioning and Startup Best Practices,Business,F - Boilerplate,10,Yes,248,6,23,3,AMD Machines Team,3/12/25,Pending
https://amdmachines.com/blog/hmi-design-best-practices-for-operators/,HMI Design Best Practices for Operators,Guides,F - Boilerplate,10,Yes,251,6,23,3,AMD Machines Team,4/23/25,Pending
https://amdmachines.com/blog/bin-picking-from-structured-to-random/,Bin Picking: From Structured to Random,Assembly,F - Boilerplate,10,Yes,250,6,23,3,AMD Machines Team,7/16/25,Pending
https://amdmachines.com/blog/remote-support-and-troubleshooting-best-practices/,Remote Support and Troubleshooting Best Practices,Business,F - Boilerplate,10,Yes,249,6,23,3,AMD Machines Team,3/18/25,Pending
https://amdmachines.com/blog/in-process-vs-end-of-line-inspection-trade-offs/,In-Process vs End-of-Line Inspection Trade-offs,Vision & QC,F - Boilerplate,10,Yes,288,6,20,3,AMD Machines Team,10/14/25,Pending
https://amdmachines.com/blog/defense-industry-automation-and-security-requirements/,Defense Industry Automation and Security Requirements,Business,F - Boilerplate,10,Yes,251,6,23,3,AMD Machines Team,5/3/25,Pending
https://amdmachines.com/blog/conveyor-drive-selection-and-sizing/,Conveyor Drive Selection and Sizing,Guides,F - Boilerplate,10,Yes,249,6,23,3,AMD Machines Team,11/2/24,Pending
https://amdmachines.com/blog/weld-quality-monitoring-and-control-systems/,Weld Quality Monitoring and Control Systems,Robotics,F - Boilerplate,10,Yes,253,6,23,3,AMD Machines Team,8/15/25,Pending
https://amdmachines.com/blog/blockchain-for-manufacturing-traceability/,Blockchain for Manufacturing Traceability,Trends,F - Boilerplate,10,Yes,248,6,23,3,AMD Machines Team,1/5/25,Pending
https://amdmachines.com/blog/consumer-goods-manufacturer-automates-mixed-case-palletizing/,Consumer Goods Manufacturer Automates Mixed-Case Palletizing,Business,F - Boilerplate,10,Yes,249,6,23,3,AMD Machines Team,12/12/24,Pending
https://amdmachines.com/blog/digital-twin-technology-in-manufacturing/,Digital Twin Technology in Manufacturing,Trends,F - Boilerplate,10,Yes,293,6,20,3,AMD Machines Team,9/20/25,Pending
https://amdmachines.com/blog/electrical-testing-in-automated-production/,Electrical Testing in Automated Production,Vision & QC,F - Boilerplate,10,Yes,288,6,20,3,AMD Machines Team,10/18/25,Pending
https://amdmachines.com/blog/complete-guide-to-robot-programming-languages/,Complete Guide to Robot Programming Languages,Guides,F - Boilerplate,10,Yes,253,6,23,3,AMD Machines Team,11/26/24,Pending
https://amdmachines.com/blog/understanding-ip-ratings-for-industrial-equipment/,Understanding IP Ratings for Industrial Equipment,Guides,F - Boilerplate,10,Yes,251,6,23,3,AMD Machines Team,11/18/24,Pending
https://amdmachines.com/blog/servo-motor-sizing-and-selection-guide/,Servo Motor Sizing and Selection Guide,Guides,F - Boilerplate,10,Yes,250,6,23,3,AMD Machines Team,11/22/24,Pending
https://amdmachines.com/blog/the-convergence-of-it-and-ot-in-manufacturing/,The Convergence of IT and OT in Manufacturing,Trends,F - Boilerplate,10,Yes,252,6,23,3,AMD Machines Team,10/17/24,Pending
https://amdmachines.com/blog/supply-chain-resilience-through-automation/,Supply Chain Resilience Through Automation,Trends,F - Boilerplate,10,Yes,247,6,23,3,AMD Machines Team,10/3/24,Pending
https://amdmachines.com/blog/surface-finish-measurement-and-inspection/,Surface Finish Measurement and Inspection,Vision & QC,F - Boilerplate,10,Yes,288,6,20,3,AMD Machines Team,10/2/25,Pending
https://amdmachines.com/blog/change-management-for-automation-adoption/,Change Management for Automation Adoption,Business,F - Boilerplate,10,Yes,248,6,23,3,AMD Machines Team,5/31/25,Pending
https://amdmachines.com/blog/risk-management-in-automation-implementation/,Risk Management in Automation Implementation,Business,F - Boilerplate,10,Yes,249,6,23,3,AMD Machines Team,6/2/25,Pending
https://amdmachines.com/blog/labor-shortage-solutions-through-automation/,Labor Shortage Solutions Through Automation,Trends,F - Boilerplate,10,Yes,247,6,23,3,AMD Machines Team,10/23/24,Pending
https://amdmachines.com/blog/iiot-sensors-and-connectivity-for-legacy-equipment/,IIoT Sensors and Connectivity for Legacy Equipment,Trends,F - Boilerplate,10,Yes,293,6,20,3,AMD Machines Team,9/18/25,Pending
https://amdmachines.com/blog/grounding-and-shielding-for-automation-systems/,Grounding and Shielding for Automation Systems,Guides,F - Boilerplate,10,Yes,250,6,23,3,AMD Machines Team,10/29/24,Pending
https://amdmachines.com/blog/positioners-and-manipulators-in-welding-cells/,Positioners and Manipulators in Welding Cells,Robotics,F - Boilerplate,10,Yes,251,6,23,3,AMD Machines Team,8/3/25,Pending
https://amdmachines.com/blog/3d-printing-post-processing-automation/,3D Printing Post-Processing Automation,Business,F - Boilerplate,10,Yes,249,6,23,3,AMD Machines Team,4/29/25,Pending
https://amdmachines.com/blog/ev-battery-module-assembly-line-delivers-500k-units-annually/,EV Battery Module Assembly Line Delivers 500K Units Annually,Business,F - Boilerplate,10,Yes,254,6,23,3,AMD Machines Team,12/14/24,Pending
https://amdmachines.com/blog/predictive-maintenance-with-machine-learning/,Predictive Maintenance with Machine Learning,Trends,F - Boilerplate,10,Yes,295,6,20,3,AMD Machines Team,9/12/25,Pending
https://amdmachines.com/blog/diagnosing-robot-accuracy-problems/,Diagnosing Robot Accuracy Problems,Guides,F - Boilerplate,10,Yes,249,6,23,3,AMD Machines Team,9/27/24,Pending
https://amdmachines.com/blog/resolving-plc-communication-errors/,Resolving PLC Communication Errors,Guides,F - Boilerplate,10,Yes,248,6,23,3,AMD Machines Team,9/23/24,Pending
https://amdmachines.com/blog/troubleshooting-pneumatic-system-problems/,Troubleshooting Pneumatic System Problems,Guides,F - Boilerplate,10,Yes,248,6,23,3,AMD Machines Team,9/19/24,Pending
https://amdmachines.com/blog/5g-in-manufacturing-opportunities-and-timeline/,5G in Manufacturing: Opportunities and Timeline,Trends,F - Boilerplate,10,Yes,292,6,20,3,AMD Machines Team,9/4/25,Pending
https://amdmachines.com/blog/sortation-systems-for-distribution-centers/,Sortation Systems for Distribution Centers,Assembly,F - Boilerplate,10,Yes,249,6,23,3,AMD Machines Team,7/4/25,Pending
https://amdmachines.com/blog/offline-programming-for-robotic-welding/,Offline Programming for Robotic Welding,Robotics,F - Boilerplate,10,Yes,250,6,23,3,AMD Machines Team,8/5/25,Pending
https://amdmachines.com/blog/augmented-reality-for-maintenance-and-training/,Augmented Reality for Maintenance and Training,Trends,F - Boilerplate,10,Yes,291,6,20,3,AMD Machines Team,9/2/25,Pending
https://amdmachines.com/blog/edge-computing-in-manufacturing-applications/,Edge Computing in Manufacturing Applications,Trends,F - Boilerplate,10,Yes,295,6,20,3,AMD Machines Team,9/14/25,Pending
https://amdmachines.com/blog/renewable-energy-component-manufacturing/,Renewable Energy Component Manufacturing,Business,F - Boilerplate,10,Yes,250,6,23,3,AMD Machines Team,5/1/25,Pending
https://amdmachines.com/blog/prototyping-and-proof-of-concept-for-automation/,Prototyping and Proof of Concept for Automation,Guides,F - Boilerplate,10,Yes,250,6,23,3,AMD Machines Team,1/27/25,Pending
https://amdmachines.com/blog/ergonomic-design-for-human-machine-interaction/,Ergonomic Design for Human-Machine Interaction,Guides,F - Boilerplate,10,Yes,250,6,23,3,AMD Machines Team,2/8/25,Pending
https://amdmachines.com/blog/complete-guide-to-industrial-safety-circuits/,Complete Guide to Industrial Safety Circuits,Guides,F - Boilerplate,10,Yes,250,6,23,3,AMD Machines Team,11/16/24,Pending
https://amdmachines.com/blog/motion-control-servo-systems-and-applications/,Motion Control: Servo Systems and Applications,Guides,F - Boilerplate,10,Yes,247,6,23,3,AMD Machines Team,4/21/25,Pending
https://amdmachines.com/blog/the-role-of-ai-in-smart-manufacturing/,The Role of AI in Smart Manufacturing,Trends,F - Boilerplate,10,Yes,291,6,20,3,AMD Machines Team,8/27/25,Pending
https://amdmachines.com/blog/press-fit-assembly-process-control-and-monitoring/,Press-Fit Assembly: Process Control and Monitoring,Assembly,F - Boilerplate,15,Yes,312,6,19,3,AMD Machines Team,11/17/25,Pending
https://amdmachines.com/blog/automated-fastening-screwdriving-and-nutrunning-systems/,Automated Fastening: Screwdriving and Nutrunning Systems,Assembly,F - Boilerplate,15,Yes,314,6,19,3,AMD Machines Team,11/15/25,Pending
https://amdmachines.com/blog/traceability-systems-for-assembly-operations/,Traceability Systems for Assembly Operations,Assembly,F - Boilerplate,15,Yes,312,6,19,3,AMD Machines Team,11/1/25,Pending
https://amdmachines.com/blog/laser-welding-in-precision-assembly/,Laser Welding in Precision Assembly,Assembly,F - Boilerplate,15,Yes,313,6,19,3,AMD Machines Team,11/7/25,Pending
https://amdmachines.com/blog/2d-vs-3d-vision-systems-capabilities-and-applications/,2D vs 3D Vision Systems: Capabilities and Applications,Vision & QC,F - Boilerplate,15,Yes,322,6,20,3,AMD Machines Team,12/19/25,Pending
https://amdmachines.com/blog/multi-camera-vision-systems-for-complete-inspection/,Multi-Camera Vision Systems for Complete Inspection,Vision & QC,F - Boilerplate,15,Yes,311,6,20,3,AMD Machines Team,11/23/25,Pending
https://amdmachines.com/blog/manual-assembly-workstations-with-smart-tools/,Manual Assembly Workstations with Smart Tools,Assembly,F - Boilerplate,15,Yes,313,6,19,3,AMD Machines Team,11/5/25,Pending
https://amdmachines.com/blog/assembly-simulation-and-virtual-commissioning/,Assembly Simulation and Virtual Commissioning,Assembly,F - Boilerplate,15,Yes,312,6,19,3,AMD Machines Team,10/24/25,Pending
https://amdmachines.com/blog/poka-yoke-error-proofing-your-assembly-process/,Poka-Yoke: Error-Proofing Your Assembly Process,Assembly,F - Boilerplate,15,Yes,311,6,19,3,AMD Machines Team,11/19/25,Pending
https://amdmachines.com/blog/color-vision-inspection-for-quality-control/,Color Vision Inspection for Quality Control,Vision & QC,F - Boilerplate,15,Yes,314,6,20,3,AMD Machines Team,12/9/25,Pending
https://amdmachines.com/blog/thermal-imaging-in-industrial-inspection/,Thermal Imaging in Industrial Inspection,Vision & QC,F - Boilerplate,15,Yes,312,6,20,3,AMD Machines Team,12/3/25,Pending
https://amdmachines.com/blog/deep-learning-in-machine-vision-practical-applications/,Deep Learning in Machine Vision: Practical Applications,Vision & QC,F - Boilerplate,15,Yes,320,6,20,3,AMD Machines Team,12/17/25,Pending
https://amdmachines.com/blog/ultrasonic-welding-for-plastic-assembly/,Ultrasonic Welding for Plastic Assembly,Assembly,F - Boilerplate,15,Yes,313,6,19,3,AMD Machines Team,11/11/25,Pending
https://amdmachines.com/blog/edge-ai-vision-processing-at-the-camera/,Edge AI Vision: Processing at the Camera,Vision & QC,F - Boilerplate,15,Yes,314,6,20,3,AMD Machines Team,11/25/25,Pending
https://amdmachines.com/blog/lighting-techniques-for-machine-vision-success/,Lighting Techniques for Machine Vision Success,Vision & QC,F - Boilerplate,15,Yes,316,6,20,3,AMD Machines Team,12/15/25,Pending
https://amdmachines.com/blog/calibrating-machine-vision-systems-for-accuracy/,Calibrating Machine Vision Systems for Accuracy,Vision & QC,F - Boilerplate,15,Yes,312,6,20,3,AMD Machines Team,11/27/25,Pending
https://amdmachines.com/blog/ocr-and-barcode-reading-in-automated-production/,OCR and Barcode Reading in Automated Production,Vision & QC,F - Boilerplate,15,Yes,313,6,20,3,AMD Machines Team,12/11/25,Pending
https://amdmachines.com/blog/adhesive-dispensing-in-automated-assembly/,Adhesive Dispensing in Automated Assembly,Assembly,F - Boilerplate,15,Yes,314,6,19,3,AMD Machines Team,11/13/25,Pending
https://amdmachines.com/blog/cleanroom-assembly-automation-requirements/,Cleanroom Assembly Automation Requirements,Assembly,F - Boilerplate,15,Yes,314,6,19,3,AMD Machines Team,10/26/25,Pending
https://amdmachines.com/blog/designing-flexible-assembly-systems-for-product-variants/,Designing Flexible Assembly Systems for Product Variants,Assembly,F - Boilerplate,15,Yes,313,6,19,3,AMD Machines Team,11/21/25,Pending
https://amdmachines.com/blog/introduction-to-machine-vision-for-manufacturing/,Introduction to Machine Vision for Manufacturing,Vision & QC,F - Boilerplate,15,Yes,318,6,20,3,AMD Machines Team,12/21/25,Pending
https://amdmachines.com/blog/vision-system-integration-with-plcs-and-scada/,Vision System Integration with PLCs and SCADA,Vision & QC,F - Boilerplate,15,Yes,313,6,20,3,AMD Machines Team,11/29/25,Pending
https://amdmachines.com/blog/camera-selection-for-industrial-vision-applications/,Camera Selection for Industrial Vision Applications,Vision & QC,F - Boilerplate,15,Yes,317,6,20,3,AMD Machines Team,12/13/25,Pending
https://amdmachines.com/blog/micro-assembly-for-electronics-and-medical-devices/,Micro-Assembly for Electronics and Medical Devices,Assembly,F - Boilerplate,15,Yes,312,6,19,3,AMD Machines Team,10/28/25,Pending
https://amdmachines.com/blog/vision-guided-robotics-principles-and-applications/,Vision-Guided Robotics: Principles and Applications,Vision & QC,F - Boilerplate,15,Yes,315,6,20,3,AMD Machines Team,12/5/25,Pending
https://amdmachines.com/blog/hyperspectral-imaging-for-advanced-inspection/,Hyperspectral Imaging for Advanced Inspection,Vision & QC,F - Boilerplate,15,Yes,313,6,20,3,AMD Machines Team,12/1/25,Pending
https://amdmachines.com/blog/hybrid-assembly-combining-manual-and-automated-processes/,Hybrid Assembly: Combining Manual and Automated Processes,Assembly,F - Boilerplate,15,Yes,311,6,19,3,AMD Machines Team,10/30/25,Pending
https://amdmachines.com/blog/high-speed-vision-systems-for-fast-moving-products/,High-Speed Vision Systems for Fast-Moving Products,Vision & QC,F - Boilerplate,15,Yes,313,6,20,3,AMD Machines Team,12/7/25,Pending
https://amdmachines.com/blog/common-automation-mistakes/,How to Calculate ROI of Robotic Automation | Payback,Business,D - Shallow,33,Yes,480,15,44,0,AMD Engineering Team,1/8/24,Pending
https://amdmachines.com/blog/roi-of-robotic-automation/,Robot Vision Systems Integration Guide | 2D/3D Vision &,Trends,C - Adequate,40,No,546,18,43,0,AMD Engineering Team,1/1/24,Pending
https://amdmachines.com/blog/integrating-vision-systems-with-robots/,How to Choose the Right Industrial Robot | Articulated,Robotics,C - Adequate,40,No,540,11,32,0,AMD Engineering Team,1/15/24,Pending
https://amdmachines.com/blog/industrial-automation-equipment-explained/,What Is Industrial Automation,Guides,C - Adequate,41,No,859,28,37,0,AMD Engineering Team,2/15/24,Pending
https://amdmachines.com/blog/dimensional-inspection-with-cmms-and-vision/,Dimensional Inspection with CMMs and Vision,Vision & QC,C - Adequate,42,No,1567,18,61,3,AMD Machines Team,10/16/25,Pending
https://amdmachines.com/blog/assembly-line-balancing-for-optimal-efficiency/,Assembly Line Balancing for Optimal Efficiency,Assembly,C - Adequate,42,No,1627,22,26,3,AMD Machines Team,11/3/25,Pending
https://amdmachines.com/blog/robot-safety-standards-iso-10218-and-ts-15066-explained/,Robot Safety Standards: ISO 10218 and TS 15066 Explained,Robotics,C - Adequate,42,No,2008,21,55,3,AMD Machines Team,1/10/26,Pending
https://amdmachines.com/blog/heat-staking-and-hot-plate-welding-applications/,Heat Staking and Hot Plate Welding Applications,Assembly,C - Adequate,42,No,1964,21,54,3,AMD Machines Team,11/9/25,Pending
https://amdmachines.com/blog/custom-automation-vs-standard-equipment/,"Factory Automation Equipment for High-Mix, Low-Volume",Business,C - Adequate,49,No,1129,32,101,0,AMD Engineering Team,3/10/24,Pending
https://amdmachines.com/blog/roi-of-robotic-automation/,Manufacturing Automation Systems - From Concept to,Guides,C - Adequate,49,No,1268,50,187,0,AMD Engineering Team,3/20/24,Pending
https://amdmachines.com/services/digital-twins/,How Custom Automated Machines Are Designed and Built,Guides,C - Adequate,49,No,1323,41,136,0,AMD Engineering Team,3/1/24,Pending
https://amdmachines.com/blog/choosing-right-robot-for-your-application/,"Industrial Automation Equipment Explained - Robots,",Guides,C - Adequate,51,No,1387,46,153,0,AMD Engineering Team,3/5/24,Pending
https://amdmachines.com/blog/roi-of-robotic-automation/,"Automated Assembly Machines - Applications, Benefits,",Trends,C - Adequate,51,No,1204,30,98,0,AMD Engineering Team,2/25/24,Pending
https://amdmachines.com/blog/roi-of-robotic-automation/,Custom Automation vs Standard Automation Equipment -,Business,C - Adequate,51,No,1058,24,32,0,AMD Engineering Team,2/20/24,Pending
https://amdmachines.com/blog/factory-automation-high-mix-low-volume/,"Automation Cells vs Full Production Lines - Cost,",Business,C - Adequate,51,No,1268,35,138,0,AMD Engineering Team,3/15/24,Pending